{
  "artifacts_dir": "/mnt/j/HandE/artifacts",
  "nuclei_dir": "/mnt/j/HandE/nuclei_dark",
  "n_blob_images": 19,
  "n_nuclei_images": 30,
  "n_blob_pixels": 18836,
  "n_nuclei_pixels": 2583,
  "blob": {
    "grayscale": {
      "mean": 15.012847738373328,
      "std": 3.928626952074778,
      "min": 8.0,
      "max": 82.0,
      "percentiles": {
        "1": 11.0,
        "5": 12.0,
        "25": 13.0,
        "50": 14.0,
        "75": 16.0,
        "95": 22.0,
        "99": 31.0
      }
    },
    "L": {
      "mean": 10.64764281163729,
      "std": 4.225779204145077,
      "min": 5.0,
      "max": 87.0,
      "percentiles": {
        "1": 7.0,
        "5": 8.0,
        "25": 9.0,
        "50": 10.0,
        "75": 11.0,
        "95": 17.0,
        "99": 29.650000000001455
      }
    },
    "a": {
      "mean": 3.7428859630494795,
      "std": 1.6032424394840026,
      "min": -1.0,
      "max": 18.0,
      "percentiles": {
        "1": 2.0,
        "5": 2.0,
        "25": 2.0,
        "50": 4.0,
        "75": 4.0,
        "95": 6.0,
        "99": 10.0
      }
    },
    "b": {
      "mean": -1.7381609683584625,
      "std": 1.265519707624358,
      "min": -31.0,
      "max": 15.0,
      "percentiles": {
        "1": -5.0,
        "5": -3.0,
        "25": -2.0,
        "50": -2.0,
        "75": -2.0,
        "95": 0.0,
        "99": 3.0
      }
    },
    "chroma": {
      "mean": 4.302809694000874,
      "std": 1.6395591089308197,
      "min": 0.0,
      "max": 35.84689665786984,
      "percentiles": {
        "1": 2.0,
        "5": 2.23606797749979,
        "25": 2.8284271247461903,
        "50": 4.47213595499958,
        "75": 4.47213595499958,
        "95": 7.211102550927978,
        "99": 10.63014581273465
      }
    },
    "H": {
      "mean": 155.41564026332554,
      "std": 23.89200563659875,
      "min": 0.0,
      "max": 179.0,
      "percentiles": {
        "1": 3.0,
        "5": 143.0,
        "25": 155.0,
        "50": 159.0,
        "75": 163.0,
        "95": 170.0,
        "99": 176.0
      }
    },
    "S": {
      "mean": 0.388661261913982,
      "std": 0.07114477854265787,
      "min": 0.03137254901960784,
      "max": 0.8823529411764706,
      "percentiles": {
        "1": 0.21568627450980393,
        "5": 0.2784313725490196,
        "25": 0.34901960784313724,
        "50": 0.38823529411764707,
        "75": 0.42745098039215684,
        "95": 0.5019607843137255,
        "99": 0.5764705882352941
      }
    },
    "V": {
      "mean": 0.07781719610757873,
      "std": 0.01973877697728328,
      "min": 0.050980392156862744,
      "max": 0.41568627450980394,
      "percentiles": {
        "1": 0.058823529411764705,
        "5": 0.06274509803921569,
        "25": 0.06666666666666667,
        "50": 0.07058823529411765,
        "75": 0.08235294117647059,
        "95": 0.11372549019607843,
        "99": 0.1568627450980392
      }
    },
    "rgb_std": {
      "mean": 3.2738927444505617,
      "std": 1.0633760398694623,
      "min": 0.4714045207910317,
      "max": 23.366642891095847,
      "percentiles": {
        "1": 1.8856180831641267,
        "5": 2.160246899469287,
        "25": 2.6246692913372702,
        "50": 3.0912061651652345,
        "75": 3.559026084010437,
        "95": 4.96655480858378,
        "99": 7.586537784494028
      }
    }
  },
  "nuclei": {
    "grayscale": {
      "mean": 58.456058846302746,
      "std": 14.501375142437412,
      "min": 27.0,
      "max": 124.0,
      "percentiles": {
        "1": 32.0,
        "5": 38.0,
        "25": 47.0,
        "50": 57.0,
        "75": 69.0,
        "95": 84.0,
        "99": 93.0
      }
    },
    "L": {
      "mean": 60.883468834688344,
      "std": 15.965651333430596,
      "min": 24.0,
      "max": 131.0,
      "percentiles": {
        "1": 30.82,
        "5": 38.0,
        "25": 48.0,
        "50": 59.0,
        "75": 73.0,
        "95": 88.0,
        "99": 98.0
      }
    },
    "a": {
      "mean": 27.604723190089043,
      "std": 3.694248618073948,
      "min": 13.0,
      "max": 40.0,
      "percentiles": {
        "1": 18.0,
        "5": 21.0,
        "25": 25.0,
        "50": 28.0,
        "75": 30.0,
        "95": 33.0,
        "99": 36.0
      }
    },
    "b": {
      "mean": -23.787843592721643,
      "std": 5.4790537786425535,
      "min": -52.0,
      "max": 3.0,
      "percentiles": {
        "1": -39.0,
        "5": -33.0,
        "25": -27.0,
        "50": -23.0,
        "75": -20.0,
        "95": -15.0,
        "99": -11.0
      }
    },
    "chroma": {
      "mean": 36.66358723765675,
      "std": 5.22791729289586,
      "min": 16.278820596099706,
      "max": 63.8200595424354,
      "percentiles": {
        "1": 24.698178070456937,
        "5": 28.319604517012593,
        "25": 33.421549934136806,
        "50": 36.359317925395686,
        "75": 39.824615503479755,
        "95": 45.25151821818315,
        "99": 49.852133359226144
      }
    },
    "H": {
      "mean": 142.59736740224545,
      "std": 6.200023169387579,
      "min": 121.0,
      "max": 175.0,
      "percentiles": {
        "1": 128.82,
        "5": 133.0,
        "25": 139.0,
        "50": 142.0,
        "75": 146.0,
        "95": 154.0,
        "99": 159.0
      }
    },
    "S": {
      "mean": 0.5694533640014272,
      "std": 0.0750762026479981,
      "min": 0.2549019607843137,
      "max": 0.7607843137254902,
      "percentiles": {
        "1": 0.3796862745098039,
        "5": 0.4392156862745098,
        "25": 0.5215686274509804,
        "50": 0.5764705882352941,
        "75": 0.6235294117647059,
        "95": 0.6858823529411768,
        "99": 0.7176470588235294
      }
    },
    "V": {
      "mean": 0.3679138864217774,
      "std": 0.0696132333362612,
      "min": 0.17647058823529413,
      "max": 0.6274509803921569,
      "percentiles": {
        "1": 0.22745098039215686,
        "5": 0.25882352941176473,
        "25": 0.3137254901960784,
        "50": 0.36470588235294116,
        "75": 0.41568627450980394,
        "95": 0.48627450980392156,
        "99": 0.5294117647058824
      }
    },
    "rgb_std": {
      "mean": 22.526797035438896,
      "std": 3.5992570320180866,
      "min": 9.977753031397176,
      "max": 43.083897481799646,
      "percentiles": {
        "1": 14.708709195256914,
        "5": 16.87206764645835,
        "25": 20.12736915773855,
        "50": 22.425184255405547,
        "75": 24.78350706058814,
        "95": 28.33529404980455,
        "99": 32.284111834544184
      }
    }
  }
}