{
  "rbc_dir": "/mnt/j/HandE/rbc",
  "regular_dir": "/mnt/j/HandE/regular",
  "n_rbc_images": 22,
  "n_regular_images": 42,
  "n_rbc_pixels": 100000,
  "n_regular_pixels": 100000,
  "stain_features_enabled": false,
  "rbc": {
    "grayscale": {
      "mean": 117.02315,
      "std": 19.210580784492176,
      "min": 31.0,
      "max": 229.0,
      "percentiles": {
        "1": 79.0,
        "5": 90.0,
        "25": 105.0,
        "50": 114.0,
        "75": 127.0,
        "95": 152.0,
        "99": 176.0
      }
    },
    "L": {
      "mean": 128.53493,
      "std": 18.83853391044802,
      "min": 29.0,
      "max": 229.0,
      "percentiles": {
        "1": 87.0,
        "5": 101.0,
        "25": 116.0,
        "50": 127.0,
        "75": 139.0,
        "95": 161.0,
        "99": 181.0
      }
    },
    "a": {
      "mean": 51.28641,
      "std": 4.692295740029607,
      "min": 0.0,
      "max": 66.0,
      "percentiles": {
        "1": 37.0,
        "5": 44.0,
        "25": 49.0,
        "50": 52.0,
        "75": 54.0,
        "95": 58.0,
        "99": 60.0
      }
    },
    "b": {
      "mean": 11.8175,
      "std": 9.686571826502913,
      "min": -63.0,
      "max": 62.0,
      "percentiles": {
        "1": -21.0,
        "5": -6.0,
        "25": 7.0,
        "50": 13.0,
        "75": 18.0,
        "95": 25.0,
        "99": 29.0
      }
    },
    "chroma": {
      "mean": 53.43791505765209,
      "std": 5.494151826365982,
      "min": 5.0,
      "max": 81.5659242576212,
      "percentiles": {
        "1": 38.27531841800928,
        "5": 44.721359549995796,
        "25": 50.28916384272063,
        "50": 53.600373133029585,
        "75": 56.92099788303083,
        "95": 61.84658438426491,
        "99": 65.3075796741484
      }
    },
    "H": {
      "mean": 170.37031,
      "std": 23.056979431484518,
      "min": 0.0,
      "max": 179.0,
      "percentiles": {
        "1": 0.0,
        "5": 164.0,
        "25": 172.0,
        "50": 174.0,
        "75": 176.0,
        "95": 178.0,
        "99": 179.0
      }
    },
    "S": {
      "mean": 0.6197707843137255,
      "std": 0.04921800222619011,
      "min": 0.058823529411764705,
      "max": 0.9529411764705882,
      "percentiles": {
        "1": 0.41568627450980394,
        "5": 0.5411764705882353,
        "25": 0.6078431372549019,
        "50": 0.6274509803921569,
        "75": 0.6470588235294118,
        "95": 0.6666666666666666,
        "99": 0.6901960784313725
      }
    },
    "V": {
      "mean": 0.7885950588235294,
      "std": 0.10293843087075412,
      "min": 0.22745098039215686,
      "max": 1.0,
      "percentiles": {
        "1": 0.5294117647058824,
        "5": 0.6196078431372549,
        "25": 0.7215686274509804,
        "50": 0.788235294117647,
        "75": 0.8588235294117647,
        "95": 0.9607843137254902,
        "99": 0.996078431372549
      }
    },
    "rgb_std": {
      "mean": 53.9820120798205,
      "std": 7.715663479262458,
      "min": 5.557777333511022,
      "max": 88.83067538237502,
      "percentiles": {
        "1": 33.08900453651104,
        "5": 40.66393433443886,
        "25": 49.42334131426837,
        "50": 54.46915538989832,
        "75": 59.02165327704364,
        "95": 65.8499978908293,
        "99": 70.24401912064985
      }
    },
    "R_G_ratio": {
      "mean": 2.658655386523787,
      "std": 0.272111017075403,
      "min": 0.9325842696629213,
      "max": 4.375,
      "percentiles": {
        "1": 1.6917808219178083,
        "5": 2.163793103448276,
        "25": 2.546511627906977,
        "50": 2.6933333333333334,
        "75": 2.8181818181818183,
        "95": 3.0163934426229506,
        "99": 3.206896551724138
      }
    },
    "R_B_ratio": {
      "mean": 2.0099291533867487,
      "std": 0.356270443351705,
      "min": 0.453551912568306,
      "max": 20.4,
      "percentiles": {
        "1": 1.1126126126126126,
        "5": 1.4459378052751548,
        "25": 1.8333333333333333,
        "50": 2.0338983050847457,
        "75": 2.2098765432098766,
        "95": 2.4646464646464645,
        "99": 2.6805555555555554
      }
    },
    "R_dominance": {
      "mean": 0.5302759895858938,
      "std": 0.03290016795660065,
      "min": 0.2338028169013426,
      "max": 0.7058823529409323,
      "percentiles": {
        "1": 0.4098360655736864,
        "5": 0.468686868686774,
        "25": 0.517241379310215,
        "50": 0.5363881401615805,
        "75": 0.5509554140125634,
        "95": 0.5694444444442863,
        "99": 0.5838325212926432
      }
    },
    "lab_hue_angle": {
      "mean": 12.36357247965366,
      "std": 10.211197140987936,
      "min": -63.8860873697093,
      "max": 90.0,
      "percentiles": {
        "1": -25.60218755144178,
        "5": -6.84277341263094,
        "25": 8.426969021480673,
        "50": 14.534455080540122,
        "75": 18.758650347842234,
        "95": 24.27444113443946,
        "99": 28.02450053207026
      }
    }
  },
  "regular": {
    "grayscale": {
      "mean": 158.14285,
      "std": 26.87766738162931,
      "min": 51.0,
      "max": 230.0,
      "percentiles": {
        "1": 89.0,
        "5": 114.0,
        "25": 141.0,
        "50": 158.0,
        "75": 176.0,
        "95": 203.0,
        "99": 219.0
      }
    },
    "L": {
      "mean": 162.25625,
      "std": 25.75375323981924,
      "min": 52.0,
      "max": 229.0,
      "percentiles": {
        "1": 94.0,
        "5": 120.0,
        "25": 146.0,
        "50": 162.0,
        "75": 179.0,
        "95": 205.0,
        "99": 220.0
      }
    },
    "a": {
      "mean": 32.47731,
      "std": 6.397576507076723,
      "min": 0.0,
      "max": 51.0,
      "percentiles": {
        "1": 15.0,
        "5": 21.0,
        "25": 28.0,
        "50": 33.0,
        "75": 37.0,
        "95": 42.0,
        "99": 44.0
      }
    },
    "b": {
      "mean": -10.98182,
      "std": 6.858115593047407,
      "min": -50.0,
      "max": 29.0,
      "percentiles": {
        "1": -29.0,
        "5": -23.0,
        "25": -15.0,
        "50": -11.0,
        "75": -7.0,
        "95": 0.0,
        "99": 5.0
      }
    },
    "chroma": {
      "mean": 34.87444430486329,
      "std": 6.863811217318596,
      "min": 2.0,
      "max": 65.79513659838392,
      "percentiles": {
        "1": 16.492422502470642,
        "5": 22.47220505424423,
        "25": 30.479501308256342,
        "50": 35.6931365951495,
        "75": 39.824615503479755,
        "95": 44.654227123532216,
        "99": 48.373546489791295
      }
    },
    "H": {
      "mean": 160.65037,
      "std": 11.21608705668336,
      "min": 0.0,
      "max": 179.0,
      "percentiles": {
        "1": 138.0,
        "5": 148.0,
        "25": 158.0,
        "50": 162.0,
        "75": 165.0,
        "95": 171.0,
        "99": 175.0
      }
    },
    "S": {
      "mean": 0.3477806274509803,
      "std": 0.08082321754241473,
      "min": 0.027450980392156862,
      "max": 0.6705882352941176,
      "percentiles": {
        "1": 0.14901960784313725,
        "5": 0.20784313725490197,
        "25": 0.29411764705882354,
        "50": 0.35294117647058826,
        "75": 0.40784313725490196,
        "95": 0.47058823529411764,
        "99": 0.5137254901960784
      }
    },
    "V": {
      "mean": 0.7923537254901961,
      "std": 0.1013431003579308,
      "min": 0.3137254901960784,
      "max": 1.0,
      "percentiles": {
        "1": 0.4980392156862745,
        "5": 0.611764705882353,
        "25": 0.7333333333333333,
        "50": 0.8,
        "75": 0.8627450980392157,
        "95": 0.9490196078431372,
        "99": 0.984313725490196
      }
    },
    "rgb_std": {
      "mean": 28.926157389720814,
      "std": 5.547343187768151,
      "min": 2.494438257849294,
      "max": 54.51197625802568,
      "percentiles": {
        "1": 14.72714802291635,
        "5": 19.595917942265423,
        "25": 25.302612952464457,
        "50": 29.227080289043965,
        "75": 32.8870119584549,
        "95": 37.33035702421765,